PC,Proportion.Variance.Explained
1,0.05694086482717037
2,0.03983032837423357
3,0.028698090145548694
4,0.02524582782906499
5,0.013639795112890337
6,0.011090451537667134
7,0.01017947490837827
8,0.008564606148068832
9,0.008149498748998398
10,0.007687154207154772
