PC,Proportion.Variance.Explained
1,0.01054213448703015
2,0.004140514104918512
3,0.0021448749930942338
4,0.0013559955416767987
5,0.001141394360214827
6,0.0009011610303401011
7,0.0008879734833850901
8,0.0007677265861305455
9,0.0006774389159895101
10,0.0005565637641209486
