PC,Proportion.Variance.Explained
1,0.06524413226907831
2,0.042572135743698586
3,0.032544390666451636
4,0.028984571091588397
5,0.019467961668069064
6,0.01687538172353797
7,0.014741870499578822
8,0.013431365913674706
9,0.011518272195133426
10,0.009958936252012857
