PC,Proportion.Variance.Explained
1,0.06524327177164724
2,0.042572505108637144
3,0.03254266031936176
4,0.028983340640494154
5,0.019467909346076923
6,0.01687832696466165
7,0.014742132715491412
8,0.013431722308027763
9,0.011518592435723762
10,0.009958937787786925
