{
    "CY=all,FOV=all,CH=all": {
        "objects_assigned_frac": 0.842463177579402,
        "objects_counted_frac": 0.6920946863496164
    }
}