{
    "CY=all,FOV=all,CH=all": {
        "objects_assigned_frac": 0.8418749083497651,
        "objects_counted_frac": 0.6935134120803066
    }
}