{
    "CY=all,FOV=all,CH=all": {
        "objects_assigned_frac": 0.8436558191469523,
        "objects_counted_frac": 0.7031451526954332
    }
}