{
    "CY=all,FOV=all,CH=all": {
        "objects_assigned_frac": 0.8791386547327198,
        "objects_counted_frac": 0.7088691680862881
    }
}