{"tissue_hires_scalef": 0.12887429, "tissue_lowres_scalef": 0.038662285, "fiducial_diameter_fullres": 191.84526000000002, "spot_diameter_fullres": 118.76135}