PC,Proportion.Variance.Explained
1,0.06899961389781144
2,0.04042226223781919
3,0.030133553388934385
4,0.028347263856844464
5,0.019476502885193512
6,0.015581025118864318
7,0.012966322470867557
8,0.012157800638981283
9,0.011514566181692672
10,0.010593884977714232
