{
    "CY=all,FOV=all,CH=all": {
        "objects_assigned_frac": 0.8001839734503085,
        "objects_counted_frac": 0.6525332378489688
    }
}