PC,Proportion.Variance.Explained
1,0.009061593512783376
2,0.004460309126110912
3,0.002015289183529686
4,0.0014581451211088654
5,0.0013085336643947466
6,0.0010882797120492958
7,0.0009658566653370633
8,0.0008807784110771265
9,0.0007421878275005774
10,0.0006773105033536591
