{"tissue_hires_scalef": 0.12887429, "tissue_lowres_scalef": 0.038662285, "fiducial_diameter_fullres": 191.91590999999997, "spot_diameter_fullres": 118.805084}