{
    "CY=all,FOV=all,CH=all": {
        "objects_assigned_frac": 0.814856879554766,
        "objects_counted_frac": 0.6925066519876466
    }
}