PC,Proportion.Variance.Explained
1,0.05996045461482042
2,0.03461922156420999
3,0.03167252942541784
4,0.024047918190287124
5,0.01965617372923982
6,0.012874351001495041
7,0.012203441005643434
8,0.011601149091347344
9,0.010194046278170528
10,0.007985949930712227
