PC,Proportion.Variance.Explained
1,0.017027429712179496
2,0.006278299318031824
3,0.0016538774271441783
4,0.0012678494598541493
5,0.0009282969328170719
6,0.0008717211140544896
7,0.0007854089522931139
8,0.0006295020563764465
9,0.0006134211195517093
10,0.0005739221618162239
