{"tissue_hires_scalef": 0.12891582, "tissue_lowres_scalef": 0.038674746, "fiducial_diameter_fullres": 191.82365000000001, "spot_diameter_fullres": 118.74798}