{
    "fov_locations": {
        "AA1": {
            "height": 748.0,
            "width": 629.0,
            "x": 7.949486036874441,
            "y": 4323.425525552635
        },
        "AA10": {
            "height": 748.0,
            "width": 629.0,
            "x": 5426.916257612471,
            "y": 4340.813685623236
        },
        "AA2": {
            "height": 748.0,
            "width": 629.0,
            "x": 610.1969659044877,
            "y": 4325.412981902792
        },
        "AA3": {
            "height": 748.0,
            "width": 629.0,
            "x": 1212.2640159134335,
            "y": 4327.318425696313
        },
        "AA4": {
            "height": 748.0,
            "width": 629.0,
            "x": 1814.3734431880466,
            "y": 4329.297895416749
        },
        "AA5": {
            "height": 748.0,
            "width": 629.0,
            "x": 2416.3787441876048,
            "y": 4331.127461040834
        },
        "AA6": {
            "height": 748.0,
            "width": 629.0,
            "x": 3018.472106884626,
            "y": 4333.2235464167225
        },
        "AA7": {
            "height": 748.0,
            "width": 629.0,
            "x": 3620.4985376187983,
            "y": 4335.030451093553
        },
        "AA8": {
            "height": 748.0,
            "width": 629.0,
            "x": 4222.607025555329,
            "y": 4337.00118001192
        },
        "AA9": {
            "height": 748.0,
            "width": 629.0,
            "x": 4824.728943580057,
            "y": 4338.903400885004
        },
        "AB1": {
            "height": 748.0,
            "width": 629.0,
            "x": 5.999847806156708,
            "y": 5044.26711372814
        },
        "AB10": {
            "height": 748.0,
            "width": 629.0,
            "x": 5424.9125993129155,
            "y": 5061.6919046522125
        },
        "AB2": {
            "height": 748.0,
            "width": 629.0,
            "x": 608.2465314440753,
            "y": 5046.260755987825
        },
        "AB3": {
            "height": 748.0,
            "width": 629.0,
            "x": 1210.275925049582,
            "y": 5048.200589136663
        },
        "AB4": {
            "height": 748.0,
            "width": 629.0,
            "x": 1812.367474075318,
            "y": 5050.160480469911
        },
        "AB5": {
            "height": 748.0,
            "width": 629.0,
            "x": 2414.411335174101,
            "y": 5052.041378591362
        },
        "AB6": {
            "height": 748.0,
            "width": 629.0,
            "x": 3016.5182661582853,
            "y": 5053.994971971178
        },
        "AB7": {
            "height": 748.0,
            "width": 629.0,
            "x": 3618.517781769592,
            "y": 5055.905371301555
        },
        "AB8": {
            "height": 748.0,
            "width": 629.0,
            "x": 4220.651951968508,
            "y": 5057.87240926537
        },
        "AB9": {
            "height": 748.0,
            "width": 629.0,
            "x": 4822.741524224054,
            "y": 5059.723935938749
        },
        "AC1": {
            "height": 748.0,
            "width": 629.0,
            "x": 3.9959585060452922,
            "y": 5765.2886518857185
        },
        "AC10": {
            "height": 748.0,
            "width": 629.0,
            "x": 5422.888916232361,
            "y": 5782.662947032879
        },
        "AC2": {
            "height": 748.0,
            "width": 629.0,
            "x": 606.1833518621652,
            "y": 5767.255167557916
        },
        "AC3": {
            "height": 748.0,
            "width": 629.0,
            "x": 1208.216315920837,
            "y": 5769.170645030586
        },
        "AC4": {
            "height": 748.0,
            "width": 629.0,
            "x": 1810.266526341995,
            "y": 5771.140703224195
        },
        "AC5": {
            "height": 748.0,
            "width": 629.0,
            "x": 2412.3182914087574,
            "y": 5773.056196423554
        },
        "AC6": {
            "height": 748.0,
            "width": 629.0,
            "x": 3014.456878754653,
            "y": 5774.988190912102
        },
        "AC7": {
            "height": 748.0,
            "width": 629.0,
            "x": 3616.501123976307,
            "y": 5776.903170360654
        },
        "AC8": {
            "height": 748.0,
            "width": 629.0,
            "x": 4218.624138117801,
            "y": 5778.852095767923
        },
        "AC9": {
            "height": 748.0,
            "width": 629.0,
            "x": 4820.760325245371,
            "y": 5780.713397092485
        },
        "AD1": {
            "height": 748.0,
            "width": 629.0,
            "x": 1.9858928302928234,
            "y": 6486.304499011699
        },
        "AD10": {
            "height": 748.0,
            "width": 629.0,
            "x": 5420.838211583974,
            "y": 6503.71662639555
        },
        "AD2": {
            "height": 748.0,
            "width": 629.0,
            "x": 604.1528936838944,
            "y": 6488.260238632541
        },
        "AD3": {
            "height": 748.0,
            "width": 629.0,
            "x": 1206.249667579144,
            "y": 6490.169339573266
        },
        "AD4": {
            "height": 748.0,
            "width": 629.0,
            "x": 1808.2878572194459,
            "y": 6492.131339053975
        },
        "AD5": {
            "height": 748.0,
            "width": 629.0,
            "x": 2410.3043590464085,
            "y": 6494.072991606197
        },
        "AD6": {
            "height": 748.0,
            "width": 629.0,
            "x": 3012.4059953588953,
            "y": 6496.027658167489
        },
        "AD7": {
            "height": 748.0,
            "width": 629.0,
            "x": 3614.471729454186,
            "y": 6497.945292248002
        },
        "AD8": {
            "height": 748.0,
            "width": 629.0,
            "x": 4216.58434311194,
            "y": 6499.891223647391
        },
        "AD9": {
            "height": 748.0,
            "width": 629.0,
            "x": 4818.733068279855,
            "y": 6501.71813185435
        },
        "AE1": {
            "height": 748.0,
            "width": 629.0,
            "x": 0.0,
            "y": 7207.207529209889
        },
        "AE10": {
            "height": 748.0,
            "width": 629.0,
            "x": 5418.863818205162,
            "y": 7224.591348214513
        },
        "AE2": {
            "height": 748.0,
            "width": 629.0,
            "x": 602.1623359693233,
            "y": 7209.137405348015
        },
        "AE3": {
            "height": 748.0,
            "width": 629.0,
            "x": 1204.264723501948,
            "y": 7211.1137400081225
        },
        "AE4": {
            "height": 748.0,
            "width": 629.0,
            "x": 1806.3257790929292,
            "y": 7213.017228731579
        },
        "AE5": {
            "height": 748.0,
            "width": 629.0,
            "x": 2408.360960004073,
            "y": 7214.984569119706
        },
        "AE6": {
            "height": 748.0,
            "width": 629.0,
            "x": 3010.455251184357,
            "y": 7216.948850990034
        },
        "AE7": {
            "height": 748.0,
            "width": 629.0,
            "x": 3612.523213217752,
            "y": 7218.846932219282
        },
        "AE8": {
            "height": 748.0,
            "width": 629.0,
            "x": 4214.618987275542,
            "y": 7220.78423372173
        },
        "AE9": {
            "height": 748.0,
            "width": 629.0,
            "x": 4816.778245731259,
            "y": 7222.62561358852
        },
        "AF10": {
            "height": 748.0,
            "width": 629.0,
            "x": 5416.797832057207,
            "y": 7945.352826116451
        },