PC,Proportion.Variance.Explained
1,0.059960178992066994
2,0.03461940371019501
3,0.03167135032930351
4,0.02404863704389684
5,0.019656800982604708
6,0.012874587454592763
7,0.012203544644236883
8,0.011601034093504705
9,0.010193856952134659
10,0.007986038468850718
