PC,Proportion.Variance.Explained
1,0.06726338917229735
2,0.04446611493728113
3,0.033324925921167224
4,0.029545775834230417
5,0.02099047141927905
6,0.017806541189819995
7,0.014550684116508042
8,0.013457733433091219
9,0.011859259454459859
10,0.010130315301864234
