PC,Proportion.Variance.Explained
1,0.008409244506431594
2,0.003531188422744849
3,0.0014482886030420838
4,0.0012486885636948171
5,0.0009472077150542507
6,0.0008069411519143715
7,0.000684260695611408
8,0.0005830393977932066
9,0.0005634693456525953
10,0.0005467461527930531
