{"tissue_hires_scalef": 0.07114147, "tissue_lowres_scalef": 0.02134244, "fiducial_diameter_fullres": 291.29973999999993, "spot_diameter_fullres": 180.32841000000002}