PC,Proportion.Variance.Explained
1,0.05981380502490582
2,0.042452193608153325
3,0.02707614410744607
4,0.024573230614341655
5,0.016838939751418397
6,0.013902683807468745
7,0.011128138794044838
8,0.01101219022930252
9,0.009532508587064524
10,0.008529240929058256
