PC,Proportion.Variance.Explained
1,0.0690029529123
2,0.04042195995000556
3,0.030135167707724356
4,0.028348321230930982
5,0.019477639564668355
6,0.015581529225207601
7,0.01296722245574777
8,0.012158339172403668
9,0.011515065886431261
10,0.010594206696654736
