{
    "CY=all,FOV=all,CH=all": {
        "objects_assigned_frac": 0.8833798755961982,
        "objects_counted_frac": 0.7043788530382257
    }
}