PC,Proportion.Variance.Explained
1,0.008213680639105323
2,0.0033707480993139085
3,0.0016175927446930667
4,0.001012881877572587
5,0.0009403197091288587
6,0.0007926958574968703
7,0.0006703866687811936
8,0.0006567231493464075
9,0.0006189288446862833
10,0.0005912909227314011
