{
    "fov_locations": {
        "AA11": {
            "height": 748.0,
            "width": 629.0,
            "x": 5.939873904222703,
            "y": 3604.7384206644406
        },
        "AA12": {
            "height": 748.0,
            "width": 629.0,
            "x": 608.0433344635603,
            "y": 3606.6447795637155
        },
        "AA13": {
            "height": 748.0,
            "width": 629.0,
            "x": 1210.0856481940705,
            "y": 3608.5602326368107
        },
        "AA14": {
            "height": 748.0,
            "width": 629.0,
            "x": 1812.2060274839514,
            "y": 3610.5302903627617
        },
        "AA15": {
            "height": 748.0,
            "width": 629.0,
            "x": 2414.25301214102,
            "y": 3612.392649967025
        },
        "AA16": {
            "height": 748.0,
            "width": 629.0,
            "x": 3016.3637362076047,
            "y": 3614.279757550555
        },
        "AA17": {
            "height": 748.0,
            "width": 629.0,
            "x": 3618.4456485927503,
            "y": 3616.16880006923
        },
        "AA18": {
            "height": 748.0,
            "width": 629.0,
            "x": 4220.3402887624325,
            "y": 3618.0807074785002
        },
        "AA19": {
            "height": 748.0,
            "width": 629.0,
            "x": 4822.307781033359,
            "y": 3619.929495460843
        },
        "AB11": {
            "height": 748.0,
            "width": 629.0,
            "x": 3.9913646371272864,
            "y": 4325.622927806965
        },
        "AB12": {
            "height": 748.0,
            "width": 629.0,
            "x": 606.0729977177148,
            "y": 4327.551440228504
        },
        "AB13": {
            "height": 748.0,
            "width": 629.0,
            "x": 1208.1334008395495,
            "y": 4329.431312205644
        },
        "AB14": {
            "height": 748.0,
            "width": 629.0,
            "x": 1810.2385131418553,
            "y": 4331.400816369076
        },
        "AB15": {
            "height": 748.0,
            "width": 629.0,
            "x": 2412.3074401600743,
            "y": 4333.2524909441545
        },
        "AB16": {
            "height": 748.0,
            "width": 629.0,
            "x": 3014.3938083226653,
            "y": 4335.191996940689
        },
        "AB17": {
            "height": 748.0,
            "width": 629.0,
            "x": 3616.4684299466417,
            "y": 4337.062123688661
        },
        "AB18": {
            "height": 748.0,
            "width": 629.0,
            "x": 4218.590290095405,
            "y": 4339.039773989091
        },
        "AB19": {
            "height": 748.0,
            "width": 629.0,
            "x": 4820.370193099299,
            "y": 4340.869802405963
        },
        "AC11": {
            "height": 748.0,
            "width": 629.0,
            "x": 1.9707496379362635,
            "y": 5046.637323323461
        },
        "AC12": {
            "height": 748.0,
            "width": 629.0,
            "x": 604.0327997416904,
            "y": 5048.550792434753
        },
        "AC13": {
            "height": 748.0,
            "width": 629.0,
            "x": 1206.1186476689954,
            "y": 5050.4355840509925
        },
        "AC14": {
            "height": 748.0,
            "width": 629.0,
            "x": 1808.2324045966398,
            "y": 5052.378697554842
        },
        "AC15": {
            "height": 748.0,
            "width": 629.0,
            "x": 2410.3049606659683,
            "y": 5054.250050121439
        },
        "AC16": {
            "height": 748.0,
            "width": 629.0,
            "x": 3012.3665694273036,
            "y": 5056.158344079958
        },
        "AC17": {
            "height": 748.0,
            "width": 629.0,
            "x": 3614.4476861270336,
            "y": 5058.053590696549
        },
        "AC18": {
            "height": 748.0,
            "width": 629.0,
            "x": 4216.563766669386,
            "y": 5060.005199574185
        },
        "AC19": {
            "height": 748.0,
            "width": 629.0,
            "x": 4818.36425090771,
            "y": 5061.766626034789
        },
        "AD11": {
            "height": 748.0,
            "width": 629.0,
            "x": 0.0,
            "y": 5767.658591842468
        },
        "AD12": {
            "height": 748.0,
            "width": 629.0,
            "x": 602.0275184227487,
            "y": 5769.6075256086015
        },
        "AD13": {
            "height": 748.0,
            "width": 629.0,
            "x": 1204.122320452192,
            "y": 5771.466702142586
        },
        "AD14": {
            "height": 748.0,
            "width": 629.0,
            "x": 1806.2181346449001,
            "y": 5773.4298717649735
        },
        "AD15": {
            "height": 748.0,
            "width": 629.0,
            "x": 2408.292919916989,
            "y": 5775.268610909934
        },
        "AD16": {
            "height": 748.0,
            "width": 629.0,
            "x": 3010.3448775670336,
            "y": 5777.184126467058
        },
        "AD17": {
            "height": 748.0,
            "width": 629.0,
            "x": 3612.4186327120005,
            "y": 5779.069989210313
        },
        "AD18": {
            "height": 748.0,
            "width": 629.0,
            "x": 4214.525569814658,
            "y": 5781.0358258608785
        },
        "AD19": {
            "height": 748.0,
            "width": 629.0,
            "x": 4816.315348525281,
            "y": 5782.7819534614955
        },
        "AE12": {
            "height": 748.0,
            "width": 629.0,
            "x": 600.0798566771613,
            "y": 6490.591518827795
        },
        "AE13": {
            "height": 748.0,
            "width": 629.0,
            "x": 1202.1868604536548,
            "y": 6492.394356770209
        },
        "AE14": {
            "height": 748.0,
            "width": 629.0,
            "x": 1804.2775221881423,
            "y": 6494.337266870584
        },
        "AE15": {
            "height": 748.0,
            "width": 629.0,
            "x": 2406.3276637504805,
            "y": 6496.207111744511
        },
        "AE16": {
            "height": 748.0,
            "width": 629.0,
            "x": 3008.374701202798,
            "y": 6498.07541580967
        },
        "AE17": {
            "height": 748.0,
            "width": 629.0,
            "x": 3610.462746869208,
            "y": 6499.976226423512
        },
        "AE18": {
            "height": 748.0,
            "width": 629.0,
            "x": 4212.540914118939,
            "y": 6501.915784205693
        },
        "AE19": {
            "height": 748.0,
            "width": 629.0,
            "x": 4814.287234359474,
            "y": 6503.736081744848
        },
        "AF12": {
            "height": 748.0,
            "width": 629.0,
            "x": 598.1938134797356,
            "y": 7211.382672207406
        },
        "AF13": {
            "height": 748.0,
            "width": 629.0,
            "x": 1200.1437878060854,
            "y": 7213.221858039047
        },
        "AF14": {
            "height": 748.0,
            "width": 629.0,
            "x": 1802.2698357901752,
            "y": 7215.138567006028
        },
        "AF15": {
            "height": 748.0,
            "width": 629.0,
            "x": 2404.322293763325,
            "y": 7216.991891689548
        },
        "AF16": {
            "height": 748.0,
            "width": 629.0,
            "x": 3006.358970494306,
            "y": 7218.892350251797
        },
        "AF17": {
            "height": 748.0,
            "width": 629.0,
            "x": 3608.386442322455,
            "y": 7220.849859103654
        },
        "AF18": {
            "height": 748.0,
            "width": 629.0,