{
    "CY=all,FOV=all,CH=all": {
        "objects_assigned_frac": 0.7860985197804924,
        "objects_counted_frac": 0.6586084596590002
    }
}