PC,Proportion.Variance.Explained
1,0.06868955487205575
2,0.042313062825519464
3,0.03709812616576985
4,0.027037316067877286
5,0.023672541047069687
6,0.01876760632343549
7,0.015813581087022775
8,0.012966804861918936
9,0.012181493775064034
10,0.010649256389949291
