PC,Proportion.Variance.Explained
1,0.013299275133208256
2,0.0049702197959762325
3,0.002649910107045325
4,0.0015488901319988472
5,0.001098018373984091
6,0.0008873265416249767
7,0.0008104036593158865
8,0.0007046426886676609
9,0.0006476742976793367
10,0.0006078988341778503
