PC,Proportion.Variance.Explained
1,0.01583746133543788
2,0.005313147203109856
3,0.002078182061084502
4,0.0018391990471285347
5,0.0014930761623181282
6,0.0013866187761247086
7,0.001082124643379685
8,0.0008893782659341111
9,0.0007504579754660967
10,0.0007084718302681457
