{
    "CY=all,FOV=all,CH=all": {
        "objects_assigned_frac": 0.8093722976945753,
        "objects_counted_frac": 0.6555560878799097
    }
}