{
    "CY=all,FOV=all,CH=all": {
        "objects_assigned_frac": 0.8270897863387141,
        "objects_counted_frac": 0.6352691717362157
    }
}