{"tissue_hires_scalef": 0.07739339, "tissue_lowres_scalef": 0.023218017, "fiducial_diameter_fullres": 291.29751999999996, "spot_diameter_fullres": 180.32702999999995}