PC,Proportion.Variance.Explained
1,0.05949690306585824
2,0.038408408574861504
3,0.029863211612137293
4,0.02224504168079987
5,0.017021784173172943
6,0.012819579846735383
7,0.012342842714170297
8,0.011891896949654616
9,0.01100597695549521
10,0.009015525702927662
