PC,Proportion.Variance.Explained
1,0.04433298894419787
2,0.031872047581665876
3,0.02672026419659502
4,0.026407709554369614
5,0.021268976445816087
6,0.013997589194534144
7,0.011183675148518164
8,0.008421550583745965
9,0.007899024511064364
10,0.007556777584069738
