{"tissue_hires_scalef": 0.075999394, "tissue_lowres_scalef": 0.022799818, "fiducial_diameter_fullres": 290.7955999999999, "spot_diameter_fullres": 180.01633}