{
    "CY=all,FOV=all,CH=all": {
        "objects_assigned_frac": 0.8436913842478123,
        "objects_counted_frac": 0.6870612321975379
    }
}