PC,Proportion.Variance.Explained
1,0.05949570413698039
2,0.038407611200376446
3,0.029862295744831225
4,0.022246954999412254
5,0.017019882368384406
6,0.012818866981640064
7,0.012340409135588414
8,0.011891340393926149
9,0.011004872000056039
10,0.009015077118787521
