PC,Proportion.Variance.Explained
1,0.05483544540783146
2,0.03544703323511408
3,0.032311691348424286
4,0.025473587424456455
5,0.023543439113418135
6,0.016429192494161873
7,0.015928543761750756
8,0.015118291874330623
9,0.009862608204911598
10,0.008865003334237394
