PC,Proportion.Variance.Explained
1,0.013652844080433978
2,0.003861379102960851
3,0.0023771278091122964
4,0.00127966883253085
5,0.0010838684354094622
6,0.0008138109280665279
7,0.0007123514953827116
8,0.0006432899767982084
9,0.0006079935399138695
10,0.0005951134581218312
