PC,Proportion.Variance.Explained
1,0.013836399508657903
2,0.0063111963377478295
3,0.002336771936706229
4,0.0017675819582768308
5,0.0016309346625229333
6,0.001352980598137904
7,0.0012607861007210986
8,0.0010901572740910767
9,0.0010132015375704212
10,0.000683877949957713
