PC,Proportion.Variance.Explained
1,0.06276316819119189
2,0.04362837434510724
3,0.03861537857583839
4,0.028042106052984336
5,0.0240654603405253
6,0.01807659066606143
7,0.015710017274134028
8,0.01349950568471565
9,0.011673930238557726
10,0.010479747380538335
