PC,Proportion.Variance.Explained
1,0.044591081014189765
2,0.03107805244792196
3,0.027448475956476776
4,0.025735485461771644
5,0.021350158208294837
6,0.013960770885322032
7,0.011000657017556313
8,0.00856161343536636
9,0.00786476570042936
10,0.007441810977555698
