PC,Proportion.Variance.Explained
1,0.06726515561326495
2,0.044468934983444675
3,0.03332379652580757
4,0.029546955458106334
5,0.020988382198684888
6,0.017807150182128847
7,0.014550642035976306
8,0.013458097997171225
9,0.011859623766089518
10,0.010129817105482788
