{
    "CY=all,FOV=all,CH=all": {
        "objects_assigned_frac": 0.7988811213247433,
        "objects_counted_frac": 0.6675673293799723
    }
}