PC,Proportion.Variance.Explained
1,0.01532662677717861
2,0.00672149648948238
3,0.002238959889896319
4,0.0017615561734396557
5,0.00152359836123939
6,0.0012875651760503842
7,0.0010125715183460931
8,0.0009098874900970978
9,0.0008026542167543366
10,0.0007412241947371696
