{"analysis_desc": "11586X_6197A_5993B_5993C_HYP_run_sample", "channel_groups": [{"cycles": [0], "channels": [0]}], "channel_intensity_units": ["pe"], "channels": ["DAPI"], "cycle_names": ["cycle_01"], "fov_dimension": [3520, 2960], "fov_locations": {"AA10": {"x": 5426.298285277589, "y": 1439.9171536452848, "width": 629.0, "height": 748.0}, "AA11": {"x": 6027.730008234919, "y": 1441.7793861480625, "width": 629.0, "height": 748.0}, "AA12": {"x": 6629.365134517395, "y": 1443.6968853817323, "width": 629.0, "height": 748.0}, "AA13": {"x": 7230.942310109913, "y": 1445.5951249828063, "width": 629.0, "height": 748.0}, "AA14": {"x": 7832.686975112013, "y": 1447.148468981378, "width": 629.0, "height": 748.0}, "AA15": {"x": 8434.258805600184, "y": 1449.0079244856004, "width": 629.0, "height": 748.0}, "AA16": {"x": 9035.949004805556, "y": 1450.8745298774516, "width": 629.0, "height": 748.0}, "AA17": {"x": 9637.46834384857, "y": 1452.7365624149206, "width": 629.0, "height": 748.0}, "AA6": {"x": 3020.021505416412, "y": 1432.582060868097, "width": 629.0, "height": 748.0}, "AA7": {"x": 3621.50890305638, "y": 1434.4237989919448, "width": 629.0, "height": 748.0}, "AA8": {"x": 4223.1539573385335, "y": 1436.2394150219852, "width": 629.0, "height": 748.0}, "AA9": {"x": 4824.643797788013, "y": 1438.082547680324, "width": 629.0, "height": 748.0}, "AB10": {"x": 5424.323731976697, "y": 2160.768907655718, "width": 629.0, "height": 748.0}, "AB11": {"x": 6025.744707040285, "y": 2162.6226578146784, "width": 629.0, "height": 748.0}, "AB12": {"x": 6627.3952134140045, "y": 2164.5271825090895, "width": 629.0, "height": 748.0}, "AB13": {"x": 7228.977933312227, "y": 2166.4440310684895, "width": 629.0, "height": 748.0}, "AB14": {"x": 7830.68702393632, "y": 2168.029828001175, "width": 629.0, "height": 748.0}, "AB15": {"x": 8432.267957012296, "y": 2169.8522867061524, "width": 629.0, "height": 748.0}, "AB16": {"x": 9034.015470565551, "y": 2171.7768089716487, "width": 629.0, "height": 748.0}, "AB17": {"x": 9635.508871031308, "y": 2173.6405524747793, "width": 629.0, "height": 748.0}, "AB6": {"x": 3018.05857044779, "y": 2153.414013242051, "width": 629.0, "height": 748.0}, "AB7": {"x": 3619.5302525871843, "y": 2155.246540294154, "width": 629.0, "height": 748.0}, "AB8": {"x": 4221.186722896455, "y": 2157.069932077456, "width": 629.0, "height": 748.0}, "AB9": {"x": 4822.666861304108, "y": 2158.932058010151, "width": 629.0, "height": 748.0}, "AC10": {"x": 5422.28258760598, "y": 2881.6433920562718, "width": 629.0, "height": 748.0}, "AC11": {"x": 6023.717972432504, "y": 2883.548959719231, "width": 629.0, "height": 748.0}, "AC12": {"x": 6625.383262479778, "y": 2885.4306235719387, "width": 629.0, "height": 748.0}, "AC13": {"x": 7226.958474228064, "y": 2887.304804436016, "width": 629.0, "height": 748.0}, "AC14": {"x": 7828.692060518353, "y": 2888.9084124750234, "width": 629.0, "height": 748.0}, "AC15": {"x": 8430.26300917147, "y": 2890.7560388274574, "width": 629.0, "height": 748.0}, "AC16": {"x": 9032.030964605536, "y": 2892.6474789277254, "width": 629.0, "height": 748.0}, "AC17": {"x": 9633.535204153955, "y": 2894.477345564093, "width": 629.0, "height": 748.0}, "AC5": {"x": 2414.423770959266, "y": 2872.3430793864813, "width": 629.0, "height": 748.0}, "AC6": {"x": 3016.0150064948384, "y": 2874.3319248383696, "width": 629.0, "height": 748.0}, "AC7": {"x": 3617.5018068185523, "y": 2876.171676910451, "width": 629.0, "height": 748.0}, "AC8": {"x": 4219.180655013727, "y": 2877.9627581477444, "width": 629.0, "height": 748.0}, "AC9": {"x": 4820.634419211372, "y": 2879.8266296639877, "width": 629.0, "height": 748.0}, "AD10": {"x": 5420.2868314756615, "y": 3602.428611202636, "width": 629.0, "height": 748.0}, "AD11": {"x": 6021.712588260745, "y": 3604.298074957526, "width": 629.0, "height": 748.0}, "AD12": {"x": 6623.343410482713, "y": 3606.217407667331, "width": 629.0, "height": 748.0}, "AD13": {"x": 7224.952952104167, "y": 3608.0375198578863, "width": 629.0, "height": 748.0}, "AD14": {"x": 7826.622690950078, "y": 3609.9432950151054, "width": 629.0, "height": 748.0}, "AD15": {"x": 8428.270100794125, "y": 3611.481148670055, "width": 629.0, "height": 748.0}, "AD16": {"x": 9029.997281355125, "y": 3613.430151946394, "width": 629.0, "height": 748.0}, "AD17": {"x": 9631.513146947778, "y": 3615.211091364113, "width": 629.0, "height": 748.0}, "AD5": {"x": 2412.396489108427, "y": 3593.092945605688, "width": 629.0, "height": 748.0}, "AD6": {"x": 3013.9801901029414, "y": 3595.0992715180105, "width": 629.0, "height": 748.0}, "AD7": {"x": 3615.525539098971, "y": 3596.899910237432, "width": 629.0, "height": 748.0}, "AD8": {"x": 4217.177787724291, "y": 3598.7541264243278, "width": 629.0, "height": 748.0}, "AD9": {"x": 4818.648073765144, "y": 3600.555412191252, "width": 629.0, "height": 748.0}, "AE10": {"x": 5418.299771990174, "y": 4323.306039387656, "width": 629.0, "height": 748.0}, "AE11": {"x": 6019.720804533128, "y": 4325.144042928479, "width": 629.0, "height": 748.0}, "AE12": {"x": 6621.4101131293255, "y": 4327.067387330438, "width": 629.0, "height": 748.0}, "AE13": {"x": 7222.9724949446945, "y": 4328.887999038128, "width": 629.0, "height": 748.0}, "AE14": {"x": 7824.644224825333, "y": 4330.773068368693, "width": 629.0, "height": 748.0}, "AE15": {"x": 8426.278510486034, "y": 4332.362187091602, "width": 629.0, "height": 748.0}, "AE16": {"x": 9027.996289816569, "y": 4334.291950292569, "width": 629.0, "height": 748.0}, "AE17": {"x": 9629.488757884666, "y": 4336.0619150931225, "width": 629.0, "height": 748.0}, "AE4": {"x": 1808.8430664160542, "y": 4312.155587469706, "width": 629.0, "height": 748.0}, "AE5": {"x": 2410.4274457015945, "y": 4313.995804479833, "width": 629.0, "height": 748.0}, "AE6": {"x": 3012.0340221439283, "y": 4315.950239954695, "width": 629.0, "height": 748.0}, "AE7": {"x": 3613.5724737296464, "y": 4317.731553315609, "width": 629.0, "height": 748.0}, "AE8": {"x": 4215.214874004319, "y": 4319.619732598291, "width": 629.0, "height": 748.0}, "AE9": {"x": 4816.706338826467, "y": 4321.409021480481, "width": 629.0, "height": 748.0}, "AF10": {"x": 5416.311143732863, "y": 5044.14251576375, "width": 629.0, "height": 748.0}, "AF11": {"x": 6017.756490697714, "y": 5045.94849878905, "width": 629.0, "height": 748.0}, "AF12": {"x": 6619.40683832709, "y": 5047.875333301946, "width": 629.0, "height": 748.0}, "AF13": {"x": 7220.979444455694, "y": 5049.712452312184, "width": 629.0, "height": 748.0}, "AF14": {"x": 7822.65031749384, "y": 5051.587790988917, "width": 629.0, "height": 748.0}, "AF15": {"x": 8424.265124236692, "y": 5053.258779989631, "width": 629.0, "height": 748.0}, "AF16": {"x": 9025.966760420737, "y": 5055.193574174524, "width": 629.0, "height": 748.0}, "AF17": {"x": 9627.495883350848, "y": 5056.973713612731, "width": 629.0, "height": 748.0}, "AF3": {"x": 1205.2289022939613, "y": 5031.075912881151, "width": 629.0, "height": 748.0}, "AF4": {"x": 1806.847337535999, "y": 5032.995823006054, "width": 629.0, "height": 748.0}, "AF5": {"x": 2408.4464472959544, "y": 5034.869476362824, "width": 629.0, "height": 748.0}, "AF6": {"x": 3010.026128359722, "y": 5036.789903980637, "width": 629.0, "height": 748.0}, "AF7": {"x": 3611.613616273307, "y": 5038.553553900645, "width": 629.0, "height": 748.0}, "AF8": {"x": 4213.225339593623, "y": 5040.449729274009, "width": 629.0, "height": 748.0}, "AF9": {"x": 4814.706483868291, "y": 5042.243007807429, "width": 629.0, "height": 748.0}, "AG1": {"x": 0.0, "y": 5748.113654777158, "width": 629.0, "height": 748.0}, "AG10": {"x": 5414.310275943248, "y": 5764.887969400723, "width": 629.0, "height": 748.0}, "AG11": {"x": 6015.72422252287, "y": 5766.739591653888, "width": 629.0, "height": 748.0}, "AG12": {"x": 6617.387046841731, "y": 5768.609551248334, "width": 629.0, "height": 748.0}, "AG13": {"x": 7218.974312386292, "y": 5770.49818739258, "width": 629.0, "height": 748.0}, "AG14": {"x": 7820.646446749552, "y": 5772.335002540762, "width": 629.0, "height": 748.0},