PC,Proportion.Variance.Explained
1,0.06582087388826816
2,0.04787093369240291
3,0.030366541145102885
4,0.024127396019248976
5,0.016308135327562326
6,0.01243450657268278
7,0.012055288153241998
8,0.011348610756086466
9,0.010200549747803175
10,0.008977988657143433
