{
    "CY=all,FOV=all,CH=all": {
        "objects_assigned_frac": 0.8484515970276063,
        "objects_counted_frac": 0.716010905810742
    }
}