PC,Proportion.Variance.Explained
1,0.01938802201523418
2,0.006964234434057814
3,0.002753190898962137
4,0.0018592290290548167
5,0.0016898204435964418
6,0.0016021691359642527
7,0.0012578674998651707
8,0.0011920785656289003
9,0.000840847425426867
10,0.0007704578165298495
