PC,Proportion.Variance.Explained
1,0.05483527438181411
2,0.03544674246576549
3,0.03231123027519935
4,0.025473344796261656
5,0.023543523479454813
6,0.016429158831793623
7,0.01592843208360507
8,0.015118560667376324
9,0.009862388432532971
10,0.008864933720344852
